budget,genre,original_language,production_company,production_country,revenue,runtime,title,vote_average,vote_count,release_year
3500000.0,Comedy,en,New Line Cinema,United States of America,28215918.0,91.0,Friday,7.0,513.0,1995.0
12000000.0,Comedy,en,Universal Pictures,United States of America,41205099.0,92.0,Happy Gilmore,6.5,767.0,1996.0
31000000.0,Comedy,en,United Artists,United States of America,185260553.0,117.0,The Birdcage,6.7,303.0,1996.0
52000000.0,Drama,en,Imagine Entertainment,United States of America,355237933.0,140.0,Apollo 13,7.3,1637.0,1995.0
2000000.0,Comedy,en,Miramax Films,United States of America,1275000.0,83.0,Blue in the Face,6.8,28.0,1995.0
90000000.0,Science Fiction,en,Hollywood Pictures,United States of America,113493481.0,96.0,Judge Dredd,5.4,643.0,1995.0
150000.0,Comedy,en,Party Productions,United States of America,472370.0,94.0,Party Girl,5.8,14.0,1995.0
14000000.0,Thriller,en,Hollywood Pictures,United States of America,5780000.0,99.0,The Tie That Binds,4.6,9.0,1995.0
10000000.0,Comedy,en,Jack Giarraputo Productions,United States of America,26488734.0,89.0,Billy Madison,6.2,464.0,1995.0
27000.0,Comedy,en,Miramax Films,United States of America,3151130.0,92.0,Clerks,7.4,769.0,1994.0
16000000.0,Comedy,en,New Line Cinema,United States of America,247275374.0,107.0,Dumb and Dumber,6.5,1894.0,1994.0
700000.0,Documentary,en,Fine Line Features,United States of America,7830611.0,171.0,Hoop Dreams,7.7,91.0,1994.0
17000000.0,Drama,en,Paramount Pictures,United States of America,7603766.0,106.0,Losing Isaiah,6.4,28.0,1995.0
35000000.0,Animation,en,Rich Animation Studios,United States of America,9771658.0,89.0,The Swan Princess,6.5,251.0,1994.0
11500000.0,Drama,en,Universal Pictures,United States of America,20079850.0,99.0,Reality Bites,6.5,180.0,1994.0
12000000.0,Adventure,en,Columbia Pictures Corporation,United States of America,15826984.0,107.0,The Next Karate Kid,4.8,202.0,1994.0
26000000.0,Drama,en,TriStar Pictures,United States of America,206678440.0,125.0,Philadelphia,7.6,1019.0,1993.0
11000000.0,Comedy,en,Touchstone Pictures,United States of America,11439193.0,97.0,The Ref,6.7,99.0,1994.0
12000000.0,Drama,en,TriStar Pictures,United States of America,22750363.0,114.0,Rudy,7.2,187.0,1993.0
12000000.0,Comedy,en,Fox Searchlight Pictures,United States of America,4939939.0,108.0,Girl 6,5.7,17.0,1996.0
57000000.0,Fantasy,en,Universal Pictures,United States of America,115267375.0,103.0,DragonHeart,6.4,553.0,1996.0
9000000.0,Science Fiction,en,Paramount Pictures,United States of America,2500000.0,98.0,Barbarella,5.7,149.0,1968.0
27000000.0,Comedy,en,Motion Picture Corporation of America,United States of America,25023434.0,113.0,Kingpin,6.7,248.0,1996.0
26000000.0,Comedy,en,Scott Rudin Productions,United States of America,116400000.0,102.0,The First Wives Club,6.5,172.0,1996.0
,,,,,,,,,,
,,,,,,,,,,
1.0,Drama,en,Warner Bros.,United States of America,5.0,115.0,East of Eden,7.5,163.0,1955.0
114000.0,Horror,en,Laurel Group,United States of America,30000000.0,96.0,Night of the Living Dead,7.5,591.0,1968.0
14000000.0,Comedy,en,Walt Disney,United States of America,154864401.0,98.0,Cool Runnings,6.8,510.0,1993.0
48000000.0,Adventure,en,Warner Bros.,United States of America,390493908.0,143.0,Robin Hood: Prince of Thieves,6.6,937.0,1991.0
2400000.0,Drama,en,Columbia Pictures,United States of America,5731103.0,120.0,Get on the Bus,7.0,11.0,1996.0
2000000.0,Comedy,en,United Artists,United States of America,11833696.0,82.0,Bananas,6.7,167.0,1971.0
4000000.0,Comedy,en,HandMade Films,United Kingdom,20045115.0,94.0,Life of Brian,7.7,1230.0,1979.0
6500000.0,Comedy,en,Gladden Entertainment,United States of America,30218387.0,97.0,Weekend at Bernie's,6.4,255.0,1989.0
60000000.0,Adventure,en,Paramount Pictures,United States of America,157920733.0,107.0,Days of Thunder,5.9,359.0,1990.0
1800000.0,Drama,en,Charles K. Feldman Group,United States of America,8000000.0,125.0,A Streetcar Named Desire,7.6,291.0,1951.0
36000000.0,Drama,en,Sony Pictures,United States of America,20300385.0,129.0,The People vs. Larry Flynt,6.8,257.0,1996.0
1000000.0,Horror,en,AVCO Embassy Pictures,United States of America,21378361.0,89.0,The Fog,6.4,318.0,1980.0
7000000.0,Horror,en,Morgan Creek Productions,United States of America,1100000.0,80.0,Bad Moon,5.7,33.0,1996.0
500000.0,Documentary,en,,United States of America,3779620.0,71.0,Paris is Burning,8.2,67.0,1990.0
3000000.0,Drama,en,United Artists,United States of America,108981275.0,133.0,One Flew Over the Cuckoo's Nest,8.3,3001.0,1975.0
350000.0,Drama,en,United Artists,United States of America,1000000.0,96.0,12 Angry Men,8.2,2130.0,1957.0
18000000.0,Drama,en,United Artists,United States of America,23000000.0,129.0,Raging Bull,7.7,968.0,1980.0
18000000.0,War,en,TriStar Pictures,United States of America,26828365.0,122.0,Glory,7.4,391.0,1989.0
16400000.0,Drama,en,Touchstone Pictures,United States of America,235860116.0,129.0,Dead Poets Society,8.1,2786.0,1989.0
3000000.0,Drama,en,Lawrence Turman,United States of America,104945305.0,106.0,The Graduate,7.6,855.0,1967.0
14000000.0,Western,en,Malpaso Productions,United States of America,159157447.0,131.0,Unforgiven,7.7,1133.0,1992.0
,,,,,,,,,,
730000.0,Western,en,United Artists,United States of America,8000000.0,85.0,High Noon,7.6,343.0,1952.0
12000000.0,Music,en,Goldcrest Films International,United Kingdom,22244207.0,95.0,Pink Floyd: The Wall,7.7,363.0,1982.0
2500000.0,Horror,en,Alfred J. Hitchcock Productions,United States of America,11403529.0,119.0,The Birds,7.3,959.0,1963.0
1800000.0,Horror,en,New Line Cinema,United States of America,25504513.0,91.0,A Nightmare on Elm Street,7.2,1212.0,1984.0
1000000.0,Drama,en,Miramax Films,United States of America,24444121.0,135.0,Sling Blade,7.4,236.0,1996.0
6000000.0,Romance,en,Paramount Pictures,United States of America,181813770.0,110.0,Grease,7.2,1633.0,1978.0
23000000.0,Drama,en,Miramax Films,United States of America,12803305.0,98.0,Marvin's Room,6.6,130.0,1996.0
25000000.0,Comedy,en,Jerry Weintraub Productions,United States of America,36400360.0,93.0,Vegas Vacation,6.0,175.0,1997.0
45000000.0,Comedy,en,Imagine Entertainment,United States of America,302710615.0,86.0,Liar Liar,6.4,1456.0,1997.0
20000000.0,Drama,en,Q Productions,United States of America,60000000.0,127.0,Selena,7.1,115.0,1997.0
,,,,,,,,,,
5000000.0,Horror,en,Live Entertainment,United States of America,15719109.0,90.0,Wishmaster,5.6,114.0,1997.0
3500000.0,Comedy,en,Channel Four Films,United Kingdom,257850122.0,91.0,The Full Monty,6.9,372.0,1997.0
24000000.0,Drama,en,New Line Cinema,United States of America,2642983.0,102.0,One Night Stand,5.7,24.0,1997.0
15000000.0,Drama,en,New Line Cinema,United States of America,43101594.0,155.0,Boogie Nights,7.5,812.0,1997.0
35000000.0,Comedy,en,Universal Pictures,United States of America,31611225.0,115.0,For Richer or Poorer,5.6,43.0,1997.0
5000000.0,Drama,en,Fine Line Features,Canada,3263585.0,112.0,The Sweet Hereafter,6.8,108.0,1997.0
28000000.0,Drama,en,Touchstone Pictures,United States of America,5684789.0,134.0,Kundun,6.8,92.0,1997.0
75000000.0,Science Fiction,en,Punch Productions,United States of America,13100000.0,134.0,Sphere,5.8,483.0,1998.0
20000000.0,Thriller,en,Mandalay Entertainment,United States of America,67200000.0,108.0,Wild Things,6.3,454.0,1998.0
25000000.0,Drama,en,40 Acres & A Mule Filmworks,United States of America,21567853.0,136.0,He Got Game,6.7,140.0,1998.0
10000000.0,Comedy,en,Hollywood Pictures,United States of America,45779.0,86.0,"An Alan Smithee Film: Burn, Hollywood, Burn",3.0,9.0,1998.0
,,,,,,,,,,
,,,,,,,,,,
,,,,,,,,,,
3600000.0,Drama,en,United Artists,United States of America,44785053.0,113.0,Midnight Cowboy,7.4,307.0,1969.0
1000000.0,Drama,en,United Artists,United States of America,117235147.0,119.0,Rocky,7.5,1843.0,1976.0
8000000.0,Drama,en,Columbia Pictures,United States of America,106260000.0,105.0,Kramer vs. Kramer,7.4,483.0,1979.0
31000000.0,Drama,en,Universal Pictures,United States of America,128499205.0,161.0,Out of Africa,7.0,290.0,1985.0
25000000.0,Drama,en,United Artists,United States of America,412800000.0,133.0,Rain Man,7.6,1762.0,1988.0
3000000.0,Horror,en,New Line Cinema,United States of America,29999213.0,87.0,A Nightmare on Elm Street Part 2: Freddy's Revenge,5.7,367.0,1985.0
550000.0,Horror,en,Paramount Pictures,United States of America,59754601.0,95.0,Friday the 13th,6.4,622.0,1980.0
10700000.0,Horror,en,SLM Production Group,United States of America,122200000.0,114.0,Poltergeist,7.1,811.0,1982.0
25000000.0,Animation,en,Walt Disney Pictures,United States of America,21288692.0,80.0,The Black Cauldron,6.5,228.0,1985.0
300000.0,Drama,en,Forensic Films,United States of America,40542.0,94.0,"First Love, Last Rites",3.0,1.0,1998.0
7500000.0,Drama,en,Chenault Productions,United States of America,33736689.0,131.0,Who's Afraid of Virginia Woolf?,7.8,199.0,1966.0
60000000.0,Thriller,en,Jerry Weintraub Productions,United States of America,48585416.0,89.0,The Avengers,4.4,205.0,1998.0
25000000.0,Drama,en,Cruise/Wagner Productions,United States of America,777423.0,117.0,Without Limits,6.4,20.0,1998.0
40000000.0,Drama,en,David Brown Productions,United States of America,243240178.0,138.0,A Few Good Men,7.1,899.0,1992.0
38000000.0,Drama,en,Paramount Pictures,United States of America,266614059.0,117.0,Indecent Proposal,5.8,300.0,1993.0
17000000.0,Comedy,en,Paramount Pictures,United States of America,30331165.0,81.0,A Night at the Roxbury,5.9,202.0,1998.0
1100000.0,Horror,en,Shooting Gallery,United States of America,631221.0,86.0,Strangeland,4.7,36.0,1998.0
11000000.0,Comedy,en,Twentieth Century Fox Film Corporation,United States of America,31672907.0,92.0,History of the World: Part I,6.5,205.0,1981.0
20000000.0,Drama,en,New Line Cinema,United States of America,23875127.0,119.0,American History X,8.2,3120.0,1998.0
23000000.0,Comedy,en,Touchstone Pictures,United States of America,185991646.0,90.0,The Waterboy,5.9,521.0,1998.0
,,,,,,,,,,
5000000.0,Comedy,en,Orion Pictures,United States of America,27400000.0,104.0,Desperately Seeking Susan,6.0,99.0,1985.0
3500000.0,Comedy,en,Artisan Entertainment,United States of America,9247881.0,90.0,Ringmaster,3.8,13.0,1998.0
7000000.0,Drama,en,United Artists,United States of America,200182160.0,119.0,Rocky II,6.9,948.0,1979.0
17000000.0,Drama,en,United Artists,United States of America,270000000.0,99.0,Rocky III,6.6,894.0,1982.0
31000000.0,Drama,en,United Artists,United States of America,300473716.0,91.0,Rocky IV,6.6,984.0,1985.0
42000000.0,Drama,en,United Artists,United States of America,119946358.0,104.0,Rocky V,5.3,688.0,1990.0
8000000.0,Drama,en,Columbia Pictures Corporation,United States of America,90815558.0,126.0,The Karate Kid,6.9,913.0,1984.0
27000000.0,Comedy,en,Hughes Entertainment,United States of America,71320000.0,97.0,National Lampoon's Christmas Vacation,7.1,668.0,1989.0
,,,,,,,,,,
6000000.0,Drama,en,Lions Gate Films,United States of America,6330054.0,114.0,Affliction,5.8,56.0,1997.0
20000000.0,Drama,en,Morpheus,United States of America,3970078.0,121.0,Playing by Heart,6.6,49.0,1998.0
85000.0,Horror,en,New Line Cinema,United States of America,30859000.0,83.0,The Texas Chain Saw Massacre,7.1,617.0,1974.0
4700000.0,Horror,en,Cannon Films,United States of America,8025872.0,101.0,The Texas Chainsaw Massacre 2,5.8,142.0,1986.0
13800000.0,Drama,en,Silver Screen Partners,United States of America,52293982.0,119.0,The Color of Money,6.7,297.0,1986.0
6000000.0,Comedy,en,New Regency Pictures,United States of America,4398989.0,95.0,Simply Irresistible,5.5,52.0,1999.0
3000000.0,Comedy,en,TriStar Pictures,United States of America,3076820.0,87.0,Jawbreaker,5.9,93.0,1999.0
8000000.0,Horror,en,Paramount Pictures,United States of America,17092453.0,100.0,Pet Sematary II,5.0,107.0,1992.0
900000.0,Horror,en,Corn Cobb Productions,United States of America,6980986.0,92.0,Children of the Corn II: The Final Sacrifice,4.5,50.0,1993.0
75000000.0,Comedy,en,Paramount Pictures,United States of America,29000000.0,90.0,The Out-of-Towners,5.1,46.0,1999.0
,,,,,,,,,,
12500000.0,Comedy,fr,Gaumont,France,78599508.0,80.0,The Dinner Game,7.7,408.0,1998.0
10000000.0,Comedy,en,New Line Cinema,United States of America,10571408.0,98.0,Drop Dead Gorgeous,6.5,88.0,1999.0
15000000.0,Drama,en,Amblin Entertainment,United States of America,146292009.0,154.0,The Color Purple,7.7,345.0,1985.0
2000000.0,Drama,en,American Playhouse,United States of America,1301121.0,111.0,Native Son,2.0,2.0,1986.0
3500000.0,Comedy,en,Paramount Pictures,United States of America,83453539.0,88.0,Airplane!,7.1,1104.0,1980.0
29000000.0,Horror,en,FGM Entertainment,United States of America,50041732.0,103.0,Stigmata,6.0,248.0,1999.0
15000000.0,Drama,en,DreamWorks SKG,United States of America,356296601.0,122.0,American Beauty,7.9,3438.0,1999.0
1200000.0,Drama,en,Columbia Pictures,United States of America,14363400.0,113.0,The Buddy Holly Story,7.5,33.0,1978.0
9000000.0,Horror,en,Columbia Pictures,United States of America,24922237.0,106.0,Fright Night,6.9,279.0,1985.0
6000000.0,Comedy,en,Paramount Pictures,United States of America,70136369.0,103.0,Ferris Bueller's Day Off,7.5,1340.0,1986.0
5500000.0,Western,en,Universal Pictures,United States of America,15700000.0,105.0,High Plains Drifter,7.4,284.0,1973.0
1800000.0,Western,en,United Artists,United States of America,6800000.0,114.0,Hang 'em High,6.7,197.0,1968.0
,,,,,,,,,,
700000.0,Drama,en,Red-horse Native,United States of America,10508.0,107.0,Naturally Native,0.0,0.0,1999.0
27000000.0,Drama,en,Craven-Maddalena Films,United States of America,14859394.0,124.0,Music of the Heart,6.3,49.0,1999.0
51000000.0,Comedy,en,New Line Cinema,United States of America,36911617.0,101.0,The Bachelor,4.5,84.0,1999.0
3500000.0,Horror,en,New World Pictures,United States of America,14000000.0,92.0,Creepshow 2,5.9,133.0,1987.0
40600000.0,Comedy,en,Paramount Pictures,United States of America,90400000.0,116.0,Trading Places,7.1,763.0,1983.0
20000000.0,Comedy,en,,United States of America,2297493.0,98.0,Under the Rainbow,4.9,7.0,1981.0
16000000.0,Drama,en,Twentieth Century Fox Film Corporation,United States of America,53977250.0,129.0,The Verdict,7.4,132.0,1982.0
,,,,,,,,,,
4000000.0,Drama,en,,United States of America,1680358.0,132.0,Matewan,7.2,33.0,1987.0
28000000.0,Drama,en,TriStar Pictures,United States of America,47951979.0,137.0,The Natural,7.0,162.0,1984.0
18000000.0,Drama,en,Universal Pictures,United States of America,11500000.0,122.0,The River,6.5,21.0,1984.0
17000000.0,Comedy,en,Happy Madison Productions,United States of America,65535067.0,88.0,Deuce Bigalow: Male Gigolo,5.4,314.0,1999.0
24000000.0,Drama,en,Miramax Films,United States of America,88545092.0,126.0,The Cider House Rules,6.9,285.0,1999.0
1300000.0,Drama,en,Columbia Pictures Corporation,United States of America,29133000.0,118.0,The Last Picture Show,7.6,133.0,1971.0
37000000.0,Drama,en,New Line Cinema,United States of America,48451803.0,188.0,Magnolia,7.5,844.0,1999.0
55000000.0,Drama,en,Donners' Company,United States of America,100230832.0,163.0,Any Given Sunday,6.8,430.0,1999.0
11000000.0,Comedy,en,New Line Cinema,United States of America,59827328.0,98.0,Next Friday,6.5,145.0,2000.0
50000000.0,Drama,en,Universal Pictures,United States of America,73956241.0,146.0,The Hurricane,7.2,401.0,1999.0
24554.0,Drama,en,,,140021.0,95.0,The Terrorist,8.1,4.0,1998.0
4500000.0,Comedy,en,Universal Pictures,United States of America,27092880.0,90.0,Fast Times at Ridgemont High,7.0,330.0,1982.0
11700000.0,Thriller,en,Hollywood Pictures,United States of America,88036683.0,110.0,The Hand that Rocks the Cradle,6.5,196.0,1992.0
31000000.0,Drama,en,Universal Pictures,United States of America,134095253.0,157.0,Scent of a Woman,7.3,763.0,1992.0
40000000.0,Comedy,en,Columbia Pictures Corporation,United States of America,107458785.0,128.0,A League of Their Own,6.8,362.0,1992.0
16000000.0,Thriller,en,Columbia Pictures,United States of America,48017402.0,107.0,Single White Female,6.0,139.0,1992.0
42000000.0,Thriller,en,Dimension Films,United States of America,32168970.0,124.0,Reindeer Games,5.3,175.0,2000.0
25000000.0,Comedy,en,Paramount Pictures,United States of America,24362772.0,108.0,The Next Best Thing,4.3,29.0,2000.0
2053648.0,Documentary,en,Imagine Entertainment,United States of America,500000.0,102.0,Beyond the Mat,7.8,17.0,1999.0
24500.0,Horror,en,Friedman-Lewis Productions,United States of America,4000000.0,67.0,Blood Feast,5.3,26.0,1963.0
90000000.0,Science Fiction,en,Spyglass Entertainment,United States of America,60874615.0,114.0,Mission to Mars,5.7,374.0,2000.0
52000000.0,Drama,en,Jersey Films,United States of America,256271286.0,131.0,Erin Brockovich,7.1,730.0,2000.0
23000000.0,Horror,en,New Line Cinema,United States of America,53302314.0,98.0,Final Destination,6.4,1416.0,2000.0
2700000.0,Comedy,en,Universal Pictures,United States of America,141000000.0,109.0,Animal House,7.0,420.0,1978.0
6500000.0,Drama,en,Universal Pictures,United States of America,37295445.0,120.0,Do the Right Thing,7.6,301.0,1989.0
1500000.0,Action,en,Cannon Films,United States of America,11806119.0,92.0,Bloodsport,6.6,370.0,1988.0
2000000.0,Drama,en,Twentieth Century Fox Film Corporation,United States of America,7600000.0,134.0,The Hustler,7.6,243.0,1961.0
4653000.0,Western,en,Paramount Pictures,United States of America,6000000.0,120.0,El Dorado,7.2,96.0,1966.0
3800000.0,Drama,en,United Artists,United States of America,23689877.0,121.0,Network,7.8,391.0,1976.0
10000000.0,Drama,en,Bigel / Mailer Films,United States of America,5241315.0,98.0,Black and White,4.6,20.0,1999.0
6000000.0,Comedy,en,Bachelor Party Productions,United States of America,38435947.0,105.0,Bachelor Party,5.8,156.0,1984.0
30000000.0,Comedy,en,Spyglass Entertainment,United States of America,37036004.0,127.0,Keeping the Faith,5.9,161.0,2000.0
3800000.0,Comedy,en,BBC,United Kingdom,28200000.0,97.0,East Is East,6.5,60.0,1999.0
6500000.0,Thriller,en,Paramount Pictures,United States of America,21709020.0,125.0,Marathon Man,7.2,227.0,1976.0
6000000.0,Comedy,en,Orion Pictures,United States of America,39846344.0,98.0,Caddyshack,6.7,370.0,1980.0
160000.0,Drama,en,Columbia Pictures,United States of America,4000000.0,86.0,The Lords of Flatbush,5.7,18.0,1974.0
2000000.0,Drama,en,Miramax Films,United States of America,1568749.0,112.0,Hamlet,6.0,35.0,2000.0
2500000.0,Comedy,en,PolyGram Filmed Entertainment,United States of America,10000000.0,91.0,The Hollywood Knights,6.4,18.0,1980.0
1821052.0,Drama,en,Paramount Pictures,United States of America,1300000.0,111.0,Ace in the Hole,7.9,128.0,1951.0
,,,,,,,,,,
51000000.0,Comedy,en,Twentieth Century Fox Film Corporation,United States of America,149270999.0,116.0,"Me, Myself & Irene",6.1,956.0,2000.0
120000000.0,Drama,en,Warner Bros.,United States of America,325756637.0,130.0,The Perfect Storm,6.2,609.0,2000.0
19000000.0,Comedy,en,Gold/Miller Productions,United States of America,278019771.0,88.0,Scary Movie,6.0,1468.0,2000.0
1200000.0,Comedy,en,Ignite Entertainment,United States of America,2600000.0,85.0,But I'm a Cheerleader,6.5,101.0,1999.0
,,,,,,,,,,
15000000.0,Thriller,en,Morgan Creek Productions,United States of America,5217498.0,105.0,The In Crowd,4.7,15.0,2000.0
35000000.0,Comedy,en,Touchwood Pacific Partners 1,United States of America,63710000.0,100.0,What About Bob?,6.7,265.0,1991.0
2000000.0,Comedy,en,United Artists,United States of America,18016290.0,88.0,Everything You Always Wanted to Know About Sex *But Were Afraid to Ask,6.6,218.0,1972.0
28000000.0,Comedy,en,Beacon Communications,United States of America,90449929.0,98.0,Bring It On,5.8,574.0,2000.0
30000000.0,Drama,en,Walt Disney Pictures,United States of America,136706683.0,113.0,Remember the Titans,7.4,835.0,2000.0
1000000.0,Horror,en,New World Pictures,United Kingdom,14564027.0,94.0,Hellraiser,6.9,464.0,1987.0
24000000.0,Comedy,en,SNL Studios,United States of America,13700000.0,84.0,The Ladies Man,5.7,35.0,2000.0
32000000.0,Drama,en,Fox 2000 Pictures,United States of America,48814909.0,129.0,Men of Honor,7.0,556.0,2000.0
82000000.0,Science Fiction,en,Phoenix Pictures,United States of America,96085477.0,123.0,The 6th Day,5.7,603.0,2000.0
6000000.0,Animation,en,De Laurentiis Entertainment Group (DEG),United States of America,5849647.0,84.0,The Transformers: The Movie,7.1,134.0,1986.0
20000000.0,Comedy,en,Universal Pictures,United States of America,45833132.0,97.0,Brewster's Millions,6.5,144.0,1985.0
13000000.0,Comedy,en,Twentieth Century Fox Film Corporation,United States of America,73180723.0,83.0,"Dude, Where’s My Car?",5.3,523.0,2000.0
43000000.0,Drama,en,Fountainbridge Films,United States of America,80049764.0,136.0,Finding Forrester,7.0,305.0,2000.0
35000000.0,Comedy,en,Columbia Pictures Corporation,United States of America,94728529.0,103.0,The Wedding Planner,5.4,433.0,2001.0
10000000.0,Science Fiction,en,Orion Pictures,United States of America,14000.0,99.0,Cherry 2000,6.0,67.0,1987.0
350000.0,Horror,en,Renaissance Pictures,United States of America,29400000.0,85.0,The Evil Dead,7.3,913.0,1981.0
3000000.0,Drama,en,United Artists,United States of America,10400000.0,146.0,Elmer Gantry,7.3,41.0,1960.0
2000000.0,Science Fiction,en,New World Pictures,United States of America,11000000.0,104.0,Battle Beyond the Stars,5.9,42.0,1980.0
7920000.0,Mystery,en,EMI Films Ltd.,United Kingdom,14560084.0,140.0,Death on the Nile,6.7,121.0,1978.0
17000000.0,Comedy,en,Warner Bros.,United States of America,29712172.0,136.0,The World According to Garp,6.9,87.0,1982.0
2000000.0,Western,en,The Mirisch Corporation,United States of America,4905000.0,128.0,The Magnificent Seven,7.4,472.0,1960.0
18000000.0,Comedy,en,Eurasia Investments,United States of America,72179579.0,95.0,The Cannonball Run,6.2,161.0,1981.0
3200000.0,Western,en,Paramount Pictures,United States of America,8000000.0,123.0,The Man Who Shot Liberty Valance,7.4,272.0,1962.0
16000000.0,Science Fiction,en,The Ladd Company,United Kingdom,17374595.0,112.0,Outland,6.2,153.0,1981.0
18000000.0,Comedy,en,Marc Platt Productions,United States of America,141774679.0,96.0,Legally Blonde,6.2,908.0,2001.0
3512454.0,Drama,fr,Canal+,France,115860.0,95.0,Camille Claudel 1915,7.0,20.0,2013.0
24000000.0,Comedy,en,Universal Pictures,United States of America,43455230.0,91.0,The Great Outdoors,6.4,155.0,1988.0
9000000.0,Comedy,en,Warner Bros.,United States of America,6436211.0,88.0,Hot to Trot,5.1,17.0,1988.0
8000000.0,Drama,en,,,1893139.0,91.0,Permanent Record,5.7,9.0,1988.0
15000000.0,Comedy,en,Universal Pictures,United States of America,216614388.0,107.0,Twins,5.7,566.0,1988.0
11000000.0,Comedy,en,Paramount Pictures,United States of America,49797148.0,107.0,Major League,6.7,222.0,1989.0
400000.0,,en,,,43719.0,97.0,Jackpot,6.0,1.0,2001.0
5000000.0,Comedy,en,Eureka Pictures,United States of America,295206.0,97.0,Wet Hot American Summer,6.4,271.0,2001.0
15000000.0,Comedy,en,Touchstone Pictures,United States of America,40590000.0,96.0,Three Fugitives,6.0,49.0,1989.0
22000000.0,Comedy,en,Dimension Films,United States of America,33788161.0,104.0,Jay and Silent Bob Strike Back,6.4,491.0,2001.0
700000.0,Drama,en,,United States of America,1667192.0,97.0,L.I.E.,6.7,31.0,2001.0
100000.0,Drama,en,The Independent Film Channel Productions,United States of America,490475.0,86.0,Tape,6.9,63.0,2001.0
24000000.0,Comedy,en,Spyglass Entertainment,United States of America,14782676.0,89.0,Out Cold,5.8,53.0,2001.0
35000000.0,Science Fiction,en,Dino De Laurentiis Company,United States of America,27107960.0,111.0,Flash Gordon,6.1,237.0,1980.0
16000000.0,Comedy,en,Original Film,United States of America,66468332.0,89.0,Not Another Teen Movie,5.5,444.0,2001.0
12000000.0,Comedy,en,Universal Pictures,United States of America,31155435.0,93.0,How High,6.4,230.0,2001.0
107000000.0,Drama,en,Columbia Pictures Corporation,United States of America,87713825.0,157.0,Ali,6.7,457.0,2001.0
22000000.0,Drama,en,New Line Cinema,United States of America,92542418.0,132.0,I Am Sam,7.2,542.0,2001.0
18000000.0,Fantasy,en,Paramount Pictures,United Kingdom,14110013.0,108.0,Dragonslayer,6.5,69.0,1981.0
14000000.0,Drama,en,Universal Pictures,United States of America,63513743.0,120.0,Dragon: The Bruce Lee Story,6.8,156.0,1993.0
19000000.0,Comedy,en,Columbia Pictures,United States of America,11000000.0,110.0,The Man Who Loved Women,4.4,9.0,1983.0
,,,,,,,,,,
1000000.0,Comedy,en,Fox Searchlight Pictures,United States of America,10013424.0,97.0,Kissing Jessica Stein,5.9,50.0,2001.0
14000000.0,Drama,fr,Twentieth Century Fox Film Corporation,United States of America,35856053.0,126.0,Taps,6.5,81.0,1981.0
106000.0,Drama,en,,United States of America,19319254.0,107.0,Joe,5.4,9.0,1970.0
7500000.0,Drama,en,Seven Arts Pictures,United States of America,6266621.0,112.0,Rambling Rose,6.4,21.0,1991.0
1500000.0,Drama,en,Fuller Films,United States of America,416925.0,98.0,The Believer,6.8,152.0,2001.0
,,,,,,,,,,
40000.0,Documentary,en,Ministry of Propaganda Films,United States of America,1434436.0,93.0,The Kid Stays in the Picture,7.3,19.0,2002.0
3000000.0,Comedy,en,,United States of America,19184015.0,113.0,Martin Lawrence Live: Runteldat,5.0,1.0,2002.0
14000000.0,Comedy,en,Touchstone Pictures,United States of America,62134225.0,103.0,Down and Out in Beverly Hills,5.9,67.0,1986.0
230000.0,Horror,en,Blood Relations Co.,United States of America,25000000.0,89.0,The Hills Have Eyes,6.1,145.0,1977.0
4000000.0,Documentary,en,Alliance Atlantis Communications,United States of America,35564473.0,120.0,Bowling for Columbine,7.3,467.0,2002.0
8500000.0,Comedy,en,Columbia Pictures,United States of America,29916207.0,94.0,Neighbors,5.2,33.0,1981.0
41000000.0,Drama,en,Imagine Entertainment,United States of America,215000000.0,110.0,8 Mile,6.8,1676.0,2002.0
7500000.0,Comedy,en,,Canada,4245870.0,102.0,Men with Brooms,4.6,8.0,2002.0
11000000.0,Adventure,en,Columbia Pictures Corporation,United States of America,2807854.0,98.0,Return to the Blue Lagoon,5.2,156.0,1991.0
20000000.0,Comedy,en,New Line Cinema,United States of America,33526835.0,85.0,Friday After Next,6.0,103.0,2002.0
35000000.0,Comedy,en,Universal Pictures,United States of America,69701637.0,114.0,The Best Little Whorehouse in Texas,5.9,41.0,1982.0
130000.0,Crime,en,Blood Money Partners LP,United States of America,1596.0,70.0,Running Time,6.2,5.0,1997.0
25000000.0,Drama,en,Paramount Pictures,United States of America,41597830.0,114.0,The Hours,7.0,461.0,2002.0
24000000.0,Comedy,en,DreamWorks SKG,United States of America,87055349.0,91.0,Old School,6.6,552.0,2003.0
20000000.0,Comedy,en,Hyde Park Films,United States of America,132675402.0,105.0,Bringing Down the House,5.4,191.0,2003.0
5037000.0,Drama,en,Metro-Goldwyn-Mayer (MGM),United States of America,14483352.0,168.0,King of Kings,7.2,31.0,1961.0
,,,,,,,,,,
4100000.0,Drama,en,Twentieth Century Fox Film Corporation,United States of America,36000000.0,135.0,The Robe,6.4,43.0,1953.0
75000000.0,Comedy,en,Columbia Pictures,United States of America,195745823.0,106.0,Anger Management,5.9,937.0,2003.0
7000000.0,Horror,en,Lionsgate,United States of America,16829545.0,89.0,House of 1000 Corpses,6.0,310.0,2003.0
3000000.0,Comedy,en,Touchstone Pictures,United States of America,9563393.0,89.0,Scenes from a Mall,4.8,22.0,1991.0
1000000.0,Drama,en,,,464000.0,92.0,Blue Car,6.7,13.0,2002.0
19000000.0,Comedy,en,New Line Cinema,United States of America,39267515.0,85.0,Dumb and Dumberer: When Harry Met Lloyd,4.1,211.0,2003.0
45000000.0,Comedy,en,Type A Films,United States of America,124914842.0,95.0,"Legally Blonde 2: Red, White & Blonde",5.2,386.0,2003.0
54000000.0,Drama,en,City Light Films,United States of America,7266209.0,121.0,Gigli,3.5,105.0,2003.0
26000000.0,Comedy,en,Walt Disney Pictures,United States of America,110230332.0,97.0,Freaky Friday,6.0,919.0,2003.0
22000000.0,Western,en,Tig Productions,United States of America,68296293.0,139.0,Open Range,7.0,268.0,2003.0
20000000.0,Comedy,en,GreeneStreet Films,United States of America,37095657.0,92.0,Uptown Girls,6.1,193.0,2003.0
6000000.0,Horror,en,Paramount Pictures,United Kingdom,3661757.0,96.0,The Keep,5.9,56.0,1983.0
20000000.0,Comedy,en,Paramount Pictures,United States of America,1675706.0,84.0,Marci X,3.3,12.0,2003.0
1500000.0,Horror,en,Lions Gate Films,United States of America,30553394.0,93.0,Cabin Fever,5.5,332.0,2003.0
29000000.0,Action,en,Columbia Pictures Corporation,United States of America,98185582.0,102.0,Once Upon a Time in Mexico,6.2,605.0,2003.0
9000000.0,Comedy,en,Paul Schiff Productions,United States of America,4350774.0,79.0,PCU,6.0,42.0,1994.0
9500000.0,Horror,en,New Line Cinema,United States of America,107071655.0,98.0,The Texas Chainsaw Massacre,6.1,670.0,2003.0
32000000.0,Drama,en,Revolution Studios,United States of America,52277485.0,109.0,Radio,6.8,146.0,2003.0
48000000.0,Comedy,en,Dimension Films,United States of America,220673217.0,84.0,Scary Movie 3,5.8,948.0,2003.0
150000000.0,Adventure,en,Universal Pictures,United States of America,212011111.0,138.0,Master and Commander: The Far Side of the World,6.9,808.0,2003.0
15000000.0,Comedy,en,Imagine Entertainment,United States of America,201957688.0,111.0,Kindergarten Cop,5.8,643.0,1990.0
18000000.0,Drama,en,20th Century Fox,United States of America,18532286.0,108.0,Project X,6.2,77.0,1987.0
35000000.0,Drama,en,Columbia Pictures,United States of America,4651977.0,114.0,Radio Flyer,6.6,54.0,1992.0
12000000.0,Comedy,en,Universal Pictures,United States of America,110996879.0,111.0,The Secret of My Success,6.2,151.0,1987.0
64000.0,Drama,fr,Pathé Consortium Cinéma,France,24517.0,85.0,Vivre Sa Vie,7.6,105.0,1962.0
2650000.0,Drama,en,Norma Productions,United States of America,3100000.0,147.0,Birdman of Alcatraz,7.0,71.0,1962.0
,,,,,,,,,,
55000000.0,Comedy,en,Twentieth Century Fox Film Corporation,United States of America,33828318.0,118.0,Stuck on You,5.1,194.0,2003.0
10000000.0,Comedy,en,Harbour Pictures,United Kingdom,96542059.0,108.0,Calendar Girls,6.6,94.0,2003.0
16500000.0,Drama,en,DreamWorks SKG,United States of America,16942795.0,126.0,House of Sand and Fog,7.0,202.0,2003.0
40000000.0,Comedy,en,Twentieth Century Fox Film Corporation,United States of America,190212113.0,98.0,Cheaper by the Dozen,6.0,725.0,2003.0
15000000.0,Drama,en,Sony Pictures Classics,,2281585.0,112.0,The Company,5.7,21.0,2003.0
6000000.0,Action,en,Davis Films,United States of America,3283371.0,99.0,Only the Strong,6.8,30.0,1993.0
,,,,,,,,,,
25000000.0,Comedy,en,DreamWorks SKG,United States of America,20796847.0,93.0,EuroTrip,6.5,673.0,2004.0
30000000.0,Drama,en,Icon Productions,United States of America,611899420.0,127.0,The Passion of the Christ,6.9,888.0,2004.0
26000000.0,Comedy,en,Splendid Pictures,United States of America,28818995.0,100.0,Agent Cody Banks 2: Destination London,5.2,145.0,2004.0
25000000.0,Comedy,en,Regency Enterprises,United States of America,30411183.0,108.0,The Girl Next Door,6.3,844.0,2004.0
17000000.0,Comedy,en,Paramount Pictures,United States of America,129042871.0,97.0,Mean Girls,6.9,2401.0,2004.0
800000.0,Drama,en,,United States of America,62852.0,94.0,The Mudge Boy,7.3,24.0,2003.0
500000.0,Drama,en,Playfilm Productions,United States of America,2500000.0,106.0,The Miracle Worker,7.5,65.0,1962.0
12000000.0,Comedy,en,Amblin Entertainment,United States of America,2280148.0,101.0,Noises Off...,7.0,38.0,1992.0
4638783.0,Western,en,Metro-Goldwyn-Mayer (MGM),United States of America,11000000.0,106.0,Pat Garrett & Billy the Kid,7.2,67.0,1973.0
8000000.0,Comedy,en,Orion Pictures Corporation,United States of America,10600497.0,84.0,Broadway Danny Rose,7.2,104.0,1984.0
4200000.0,Horror,en,Columbia Pictures Corporation,United States of America,5835247.0,88.0,Night of the Living Dead,6.7,198.0,1990.0
400000.0,Comedy,en,Paramount Pictures,United States of America,46118097.0,95.0,Napoleon Dynamite,6.7,567.0,2004.0
12000000.0,Drama,en,Touchstone Pictures,United States of America,38120905.0,122.0,The Doctor,6.6,24.0,1991.0
37000000.0,Comedy,en,Columbia Pictures,United States of America,113086475.0,109.0,White Chicks,6.3,704.0,2004.0
20000000.0,Adventure,en,Tig Productions,United States of America,305070.0,107.0,Rapa Nui,6.2,33.0,1994.0
6000000.0,,en,BIM Distribuzione,United States of America,119114517.0,122.0,Fahrenheit 9/11,6.9,403.0,2004.0
2700000.0,Drama,en,Columbia Pictures Corporation,United States of America,5000000.0,93.0,Hard Times,6.7,56.0,1975.0
26000000.0,Comedy,en,Apatow Productions,United States of America,90574188.0,94.0,Anchorman: The Legend of Ron Burgundy,6.7,1523.0,2004.0
1200000.0,Horror,en,Republic Pictures,United States of America,3109904.0,90.0,Night of the Demons,6.1,71.0,1988.0
15000000.0,Comedy,en,Fine Line Features,United States of America,1914166.0,89.0,A Dirty Shame,5.4,65.0,2004.0
30000000.0,Drama,en,Universal Studios,United States of America,61255921.0,118.0,Friday Night Lights,7.0,154.0,2004.0
900000.0,Comedy,en,Paramount Pictures,United States of America,10000000.0,72.0,The Bellboy,6.1,22.0,1960.0
,,,,,,,,,,
,,,,,,,,,,
,,,,,,,,,,
,,,,,,,,,,
3500000.0,Drama,en,Warner Bros.,United States of America,12800000.0,149.0,The Nun's Story,7.4,46.0,1959.0
15000.0,Horror,en,Fairway International Pictures,United States of America,3274.0,90.0,Eegah,2.8,18.0,1962.0
280379.0,Horror,en,Seven Arts Productions,United Kingdom,364937.0,90.0,Dracula: Prince of Darkness,6.1,54.0,1966.0
25000000.0,Science Fiction,en,Brooksfilms,United States of America,1579260.0,94.0,Solarbabies,5.1,12.0,1986.0
3000000.0,Horror,en,Universal Pictures,United States of America,14182492.0,101.0,Prince of Darkness,6.6,192.0,1987.0
4000000.0,Drama,en,Imagine Entertainment,United States of America,259012.0,94.0,Closet Land,6.6,11.0,1991.0
17000000.0,Comedy,en,Twentieth Century Fox Film Corporation,United States of America,4603929.0,107.0,Dutch,6.4,66.0,1991.0
5000000.0,Science Fiction,en,Trimark Pictures,United States of America,2970.0,97.0,Philadelphia Experiment II,5.0,15.0,1993.0
8256269.0,Action,en,Alliance Atlantis Communications,Canada,460978.0,97.0,Foolproof,6.3,49.0,2003.0
80000000.0,Comedy,en,Gracie Films,United States of America,55041367.0,130.0,Spanglish,5.8,375.0,2004.0
350000.0,Documentary,en,HBO/Cinemax Documentary,United States of America,3515061.0,85.0,Born into Brothels,6.7,61.0,2004.0
30000000.0,Drama,en,Lakeshore Entertainment,United States of America,216763646.0,132.0,Million Dollar Baby,7.7,2519.0,2004.0
116000000.0,Drama,en,Miramax Films,United States of America,102000000.0,170.0,The Aviator,7.0,1526.0,2004.0
12000000.0,Drama,en,,United States of America,212483.0,120.0,Bopha!,0.0,0.0,1993.0
3000000.0,Drama,en,,United States of America,6804016.0,94.0,Woman Thou Art Loosed,5.0,3.0,2004.0
1500000.0,Drama,en,Elevation Filmworks,United States of America,712294.0,111.0,The Ballad of Jack and Rose,6.5,43.0,2005.0
28000000.0,Comedy,en,Twentieth Century Fox Film Corporation,United States of America,21435321.0,111.0,Rhinestone,4.9,33.0,1984.0
,,,,,,,,,,
30000000.0,Comedy,en,Mile High Productions,United States of America,42886719.0,107.0,A Lot Like Love,6.5,329.0,2005.0
40000000.0,Horror,en,Village Roadshow Pictures,United States of America,68766121.0,113.0,House of Wax,5.5,696.0,2005.0
1920000.0,Drama,en,Metro-Goldwyn-Mayer (MGM),United States of America,3360000.0,113.0,Somebody Up There Likes Me,6.8,30.0,1956.0
300000.0,Documentary,en,Thinkfilm,United States of America,1750211.0,88.0,Murderball,6.9,23.0,2005.0
8000000.0,Drama,en,MTV Films,United States of America,23563727.0,116.0,Hustle & Flow,6.9,101.0,2005.0
135000000.0,Action,en,Laura Ziskin Productions,United States of America,76932943.0,121.0,Stealth,4.9,341.0,2005.0
22000000.0,Comedy,en,Columbia Pictures Corporation,United States of America,22400154.0,83.0,Deuce Bigalow: European Gigolo,4.6,232.0,2005.0
3000000.0,Comedy,en,L.I.F.T. Production,United States of America,18637690.0,94.0,Waiting...,6.2,241.0,2005.0
35000000.0,Drama,en,Warner Bros.,United States of America,25224242.0,126.0,North Country,6.9,127.0,2005.0
4000000.0,Horror,en,Lions Gate Films,United States of America,152925093.0,92.0,Saw II,6.3,1288.0,2005.0
24000000.0,Action,fr,Gaumont,France,11875866.0,128.0,Empire of the Wolves,5.5,57.0,2005.0
40000000.0,Drama,en,Paramount Pictures,United States of America,46442528.0,117.0,Get Rich or Die Tryin',6.3,188.0,2005.0
1000000.0,Drama,en,IFC Films,United States of America,13350369.0,103.0,Transamerica,6.9,149.0,2005.0
70000000.0,Comedy,en,Village Roadshow Pictures,United States of America,88933562.0,97.0,Rumor Has It...,5.3,309.0,2005.0
60000000.0,Comedy,en,Twentieth Century Fox Film Corporation,United States of America,129181830.0,94.0,Cheaper by the Dozen 2,5.8,542.0,2005.0
100000000.0,Comedy,en,Imagine Entertainment,United States of America,202026112.0,90.0,Fun with Dick and Jane,5.9,639.0,2005.0
169000.0,Comedy,en,Summit Entertainment,United Kingdom,18564702.0,103.0,Keeping Mum,6.5,165.0,2005.0
4800000.0,Horror,en,International Production Company,United States of America,80578934.0,94.0,Hostel,5.7,913.0,2005.0
26000000.0,Drama,en,Touchstone Pictures,United States of America,17496992.0,108.0,Annapolis,6.0,94.0,2006.0
50000000.0,Comedy,en,Paramount Pictures,United States of America,128406887.0,97.0,Failure to Launch,5.5,407.0,2006.0
30000000.0,Music,en,New Line Cinema,United States of America,34742066.0,108.0,Take the Lead,6.6,171.0,2006.0
8000000.0,Drama,en,Lions Gate Films,United States of America,18948425.0,112.0,Akeelah and the Bee,6.7,85.0,2006.0
20000000.0,Drama,en,Warner Bros.,United States of America,21170563.0,105.0,ATL,6.0,33.0,2006.0
45000000.0,Comedy,en,Dimension Films,United States of America,178262620.0,83.0,Scary Movie 4,5.3,779.0,2006.0
400000.0,Drama,en,Serenade Films,United States of America,95687.0,90.0,Twelve and Holding,7.0,20.0,2005.0
5000000.0,Comedy,en,The Weinstein Company,United States of America,26888376.0,97.0,Clerks II,6.9,407.0,2006.0
1000000.0,Documentary,en,Electric Entertainment,United States of America,1678874.0,92.0,Who Killed the Electric Car?,7.2,59.0,2006.0
1000000.0,Documentary,en,Lawrence Bender Productions,United States of America,46243000.0,100.0,An Inconvenient Truth,6.7,257.0,2006.0
72500000.0,Comedy,en,Columbia Pictures,United States of America,162966177.0,116.0,Talladega Nights: The Ballad of Ricky Bobby,6.2,497.0,2006.0
,,,,,,,,,,
55000000.0,Drama,en,Columbia Pictures Corporation,United States of America,307077295.0,117.0,The Pursuit of Happyness,7.7,2607.0,2006.0
700000.0,Drama,en,Thinkfilm,United States of America,4911725.0,107.0,Half Nelson,6.5,243.0,2006.0
23000000.0,Comedy,en,Universal Pictures,United States of America,38505009.0,93.0,Accepted,6.2,412.0,2006.0
17500000.0,Comedy,en,Broken Lizard Industries,United States of America,19179969.0,110.0,Beerfest,5.8,173.0,2006.0
2000000.0,Drama,en,Red Envelope Entertainment,United States of America,622806.0,96.0,Sherrybaby,6.3,43.0,2006.0
18000000.0,Comedy,en,Twentieth Century Fox Film Corporation,United States of America,261572744.0,82.0,Borat: Cultural Learnings of America for Make Benefit Glorious Nation of Kazakhstan,6.5,1617.0,2006.0
13000000.0,Drama,en,Killer Films,United States of America,1151330.0,110.0,Infamous,6.4,60.0,2006.0
20000000.0,Drama,en,Gener8Xion Entertainment,United States of America,13391174.0,123.0,One Night with the King,6.1,12.0,2006.0
100000.0,Drama,en,Destination Films,United States of America,10178331.0,111.0,Facing the Giants,6.6,64.0,2006.0
24000000.0,Drama,en,Columbia Pictures,United States of America,155721132.0,102.0,Rocky Balboa,6.5,858.0,2006.0
65000000.0,Drama,en,Legendary Pictures,United States of America,43545364.0,124.0,We Are Marshall,6.7,189.0,2006.0
70000000.0,Drama,en,Paramount Pictures,United States of America,154937680.0,134.0,Dreamgirls,6.6,292.0,2006.0
100000.0,Drama,en,Milestone FIlms,United States of America,362222.0,83.0,Killer of Sheep,6.5,27.0,1978.0
2000000.0,Comedy,en,Night and Day Pictures,United States of America,22179430.0,108.0,Waitress,6.6,132.0,2007.0
60000000.0,Comedy,en,DreamWorks SKG,United States of America,95673607.0,101.0,Norbit,5.0,434.0,2007.0
5000000.0,Comedy,en,Alliance Films,Canada,3833507.0,95.0,Trailer Park Boys: The Movie,6.8,53.0,2006.0
15000000.0,Drama,en,Paramount Classics,United States of America,10903846.0,116.0,Black Snake Moan,6.6,247.0,2006.0
994000.0,Drama,en,Cipher Films,United Kingdom,165000.0,89.0,Kidulthood,6.2,61.0,2006.0
818418.0,Drama,en,Warner Bros.,Italy,4851244.0,152.0,Romanzo criminale,7.3,112.0,2005.0
2000000.0,Thriller,en,Zyzzyx LLC,United States of America,30.0,90.0,Zyzzyx Road,4.0,4.0,2006.0
20000000.0,Horror,en,Universal Pictures,United States of America,22217407.0,89.0,Dead Silence,6.2,533.0,2007.0
20000000.0,Drama,en,Columbia Pictures,United States of America,22222308.0,124.0,Reign Over Me,7.1,340.0,2007.0
45000000.0,Adventure,en,Twentieth Century Fox Film Corporation,United States of America,30822861.0,99.0,Pathfinder,5.4,173.0,2007.0
8000000.0,Drama,fr,,Canada,2019009.0,124.0,The Rocket: The Legend of Rocket Richard,6.1,17.0,2005.0
9000000.0,Drama,en,Elevation Filmworks,United States of America,2955039.0,97.0,Gracie,6.0,17.0,2007.0
10200000.0,Horror,en,Lions Gate Films,United States of America,35619521.0,93.0,Hostel: Part II,5.6,464.0,2007.0
16000.0,Science Fiction,en,Three Dimension Pictures,United States of America,1000000.0,66.0,Robot Monster,3.5,17.0,1953.0
2000000.0,Comedy,en,,United States of America,265198.0,87.0,The TV Set,6.0,19.0,2006.0
250000.0,Drama,en,,,340147.0,82.0,Swoon,5.9,8.0,1992.0
9000000.0,Documentary,en,The Weinstein Company,United States of America,24538513.0,123.0,Sicko,7.3,241.0,2007.0
20000000.0,Comedy,en,Columbia Pictures,United States of America,121463226.0,113.0,Superbad,7.0,2152.0,2007.0
16500000.0,Comedy,en,Morgan Creek Productions,United States of America,13620075.0,108.0,Sydney White,6.0,242.0,2007.0
15000000.0,Horror,en,Dimension Films,United States of America,80253908.0,109.0,Halloween,5.9,510.0,2007.0
55000000.0,Western,en,Tree Line Films,United States of America,70016220.0,122.0,3:10 to Yuma,6.9,1210.0,2007.0
2000000.0,Documentary,en,,,1431623.0,102.0,No End in Sight,7.3,23.0,2007.0
2200000.0,Drama,hi,Flicks Motion Pictures,India,11502151.0,157.0,Rang De Basanti,7.2,98.0,2006.0
60000000.0,Comedy,en,Conundrum Entertainment,United States of America,127766650.0,116.0,The Heartbreak Kid,5.7,414.0,2007.0
16000000.0,Drama,en,DreamWorks SKG,United States of America,2849142.0,113.0,Things We Lost in the Fire,6.7,90.0,2007.0
1000000.0,Comedy,en,,United States of America,18479.0,87.0,Itty Bitty Titty Committee,6.0,12.0,2007.0
,,,,,,,,,,
25000000.0,Drama,en,Miramax Films,United States of America,77208711.0,158.0,There Will Be Blood,7.9,1581.0,2007.0
15000000.0,Drama,en,The Weinstein Company,United States of America,30226144.0,126.0,The Great Debaters,6.9,153.0,2007.0
2600000.0,Drama,hi,Aamir Khan Productions,India,28430000.0,165.0,Taare Zameen Par,7.7,194.0,2007.0
35000000.0,Drama,en,Lakeshore Entertainment,United States of America,32483410.0,101.0,Untraceable,5.9,241.0,2008.0
30000000.0,Comedy,en,Regency Enterprises,United States of America,84646831.0,84.0,Meet the Spartans,3.8,370.0,2008.0
1000000.0,Documentary,en,Jigsaw Productions,United Kingdom,274661.0,106.0,Taxi to the Dark Side,6.6,53.0,2007.0
,,,,,,,,,,
300000.0,Comedy,en,Jensen Farley Pictures,United States of America,3952448.0,88.0,Joysticks,5.2,14.0,1983.0
6000000.0,Drama,en,Le Bureau,France,1300000.0,138.0,Julia,7.2,23.0,2008.0
25000000.0,Thriller,en,Kanzaman,United States of America,17741298.0,107.0,Deception,5.7,200.0,2008.0
30000000.0,Comedy,en,Relativity Media,United States of America,63833449.0,99.0,Baby Mama,5.8,205.0,2008.0
3500000.0,Documentary,en,Premise Media Corporation,United States of America,7700000.0,90.0,Expelled: No Intelligence Allowed,4.1,33.0,2008.0
6000000.0,Drama,en,SBK Pictures,United States of America,2899975.0,99.0,The Wackness,6.2,95.0,2008.0
11000000.0,Comedy,fr,Centre National de la Cinématographie,France,53191886.0,106.0,Welcome to the Sticks,6.7,638.0,2008.0
65000000.0,Comedy,en,Columbia Pictures,United States of America,128107642.0,98.0,Step Brothers,6.5,1084.0,2008.0
700000.0,Drama,en,Téléfilm Canada,Canada,31576.0,77.0,The Tracey Fragments,5.9,36.0,2007.0
7000000.0,Comedy,en,Metro-Goldwyn-Mayer (MGM),United States of America,6230276.0,94.0,College,4.8,48.0,2008.0
79000.0,Comedy,en,Gary Sanchez Productions,United States of America,245000.0,85.0,The Foot Fist Way,6.0,35.0,2006.0
24000000.0,Comedy,en,Blue Askew,United States of America,42105111.0,102.0,Zack and Miri Make a Porno,6.1,734.0,2008.0
11000000.0,Adventure,en,Fox Searchlight Pictures,United States of America,38105395.0,114.0,The Secret Life of Bees,7.4,159.0,2008.0
28000000.0,Comedy,en,Universal Pictures,United States of America,92380927.0,99.0,Role Models,6.4,575.0,2008.0
500000.0,Drama,en,Carmel Entertainment,United States of America,33456317.0,122.0,Fireproof,7.0,100.0,2008.0
55000000.0,Drama,en,Columbia Pictures,United States of America,168167691.0,123.0,Seven Pounds,7.5,2092.0,2008.0
70000000.0,Comedy,en,Village Roadshow Pictures,United States of America,225990978.0,104.0,Yes Man,6.4,1869.0,2008.0
6000000.0,Comedy,en,,United States of America,69497.0,85.0,"Surfer, Dude",4.7,25.0,2008.0
30000000.0,Comedy,en,Dune Entertainment,United States of America,114663461.0,89.0,Bride Wars,5.9,884.0,2009.0
7275000.0,Drama,it,Indigo Film,Italy,11260366.0,110.0,Il Divo,7.5,166.0,2008.0
19000000.0,Drama,fr,France 2 Cinéma,France,23550000.0,130.0,Paris,6.5,79.0,2008.0
19000000.0,Horror,en,New Line Cinema,United States of America,91379051.0,97.0,Friday the 13th,5.7,566.0,2009.0
41000000.0,Comedy,en,The Montecito Picture Company,United States of America,91636986.0,105.0,"I Love You, Man",6.5,531.0,2009.0
9500000.0,Comedy,en,Miramax Films,United States of America,17164377.0,107.0,Adventureland,6.4,748.0,2009.0
20000000.0,Comedy,en,New Line Cinema,United States of America,136267476.0,102.0,17 Again,6.1,1388.0,2009.0
60000000.0,Drama,en,DreamWorks,United States of America,31720158.0,109.0,The Soloist,6.6,237.0,2009.0
20000000.0,Comedy,en,Screen Gems,United States of America,18599102.0,90.0,Fired Up!,6.0,194.0,2009.0
3000000.0,Horror,en,Lux Digital Pictures,United States of America,1449945.0,80.0,Night Of The Living Dead 3D,4.0,12.0,2007.0
30000000.0,Drama,en,Mark Johnson Productions,United States of America,95714875.0,109.0,My Sister's Keeper,7.1,614.0,2009.0
15000000.0,Comedy,en,Dune Entertainment,United States of America,6405245.0,89.0,Post Grad,5.0,102.0,2009.0
15000000.0,Horror,en,Dimension Films,United States of America,39421467.0,105.0,Halloween II,5.1,273.0,2009.0
8000000.0,Comedy,en,Miramax Films,United States of America,10848783.0,92.0,Extract,5.7,192.0,2009.0
20000000.0,Documentary,en,The Weinstein Company,United States of America,17436509.0,120.0,Capitalism: A Love Story,7.0,168.0,2009.0
15000000.0,Drama,en,Dune Entertainment,United States of America,16633035.0,111.0,Whip It,6.7,366.0,2009.0
15000000.0,Comedy,en,Dune Entertainment,United States of America,40105542.0,99.0,All About Steve,4.7,302.0,2009.0
40000000.0,Adventure,en,Fox Searchlight Pictures,United States of America,19258519.0,111.0,Amelia,5.4,71.0,2009.0
10000000.0,Drama,en,Smokewood Entertainment Group,United States of America,47536959.0,110.0,Precious,6.9,426.0,2009.0
29000000.0,Drama,en,Alcon Entertainment,United States of America,309208309.0,129.0,The Blind Side,7.2,1626.0,2009.0
58000000.0,Comedy,en,Columbia Pictures,United States of America,85280250.0,103.0,Did You Hear About the Morgans?,5.1,281.0,2009.0
15000.0,Drama,en,,Sweden,5300.0,84.0,Nasty Old People,6.0,6.0,2009.0
4700000.0,Drama,hi,Madras Talkies,India,31000000.0,166.0,Guru,6.7,24.0,2007.0
4000000.0,Drama,en,Joanna Productions,United States of America,14400000.0,105.0,Trapeze,6.4,23.0,1956.0
26000000.0,Horror,en,Bold Films,United States of America,67918658.0,100.0,Legion,5.2,643.0,2010.0
31000000.0,Drama,en,Double Feature Films,United States of America,15134293.0,105.0,Extraordinary Measures,6.0,93.0,2010.0
14000000.0,Comedy,en,Fox Searchlight Pictures,United States of America,21409028.0,103.0,Our Family Wedding,5.7,40.0,2010.0
40000000.0,Action,en,Columbia Pictures,United States of America,136000000.0,110.0,The Bounty Hunter,5.6,878.0,2010.0
55000000.0,Comedy,en,Twentieth Century Fox Film Corporation,United States of America,152263880.0,97.0,Date Night,5.9,1148.0,2010.0
5500000.0,Horror,en,McElroy & McElroy,Australia,801000.0,95.0,Razorback,5.6,33.0,1984.0
21000000.0,Comedy,en,Parabolic Pictures,United States of America,49050886.0,92.0,Death at a Funeral,5.5,248.0,2010.0
40000000.0,Comedy,en,Universal Pictures,United States of America,90029656.0,109.0,Get Him to the Greek,5.9,626.0,2010.0
2000000.0,Drama,en,Anonymous Content,United States of America,13831503.0,100.0,Winter's Bone,6.8,575.0,2010.0
80000000.0,Comedy,en,Columbia Pictures,United States of America,271430189.0,102.0,Grown Ups,6.0,1746.0,2010.0
69000000.0,Comedy,en,Paramount Pictures,United States of America,86387857.0,114.0,Dinner for Schmucks,5.5,542.0,2010.0
44000000.0,Drama,en,Universal Pictures,United States of America,48190704.0,99.0,Charlie St. Cloud,6.8,589.0,2010.0
823258.0,Comedy,en,StudioCanal,France,823258.0,105.0,Narco,6.1,43.0,2004.0
1000000.0,Documentary,en,,,57.0,106.0,The End of Poverty?,0.0,0.0,2008.0
40000000.0,Drama,en,Columbia Pictures,United States of America,224920315.0,120.0,The Social Network,7.1,3492.0,2010.0
8000000.0,Comedy,en,Screen Gems,United States of America,74952305.0,92.0,Easy A,6.7,2282.0,2010.0
60000000.0,Drama,en,Columbia Pictures,United States of America,204594016.0,133.0,Eat Pray Love,5.8,655.0,2010.0
30000.0,Drama,en,RabbitBandini Productions,United States of America,617000.0,84.0,Howl,6.8,68.0,2010.0
3800000.0,Comedy,en,,United States of America,111731.0,84.0,Saint John of Las Vegas,5.9,18.0,2009.0
35000000.0,Drama,en,Walt Disney Pictures,United States of America,60251371.0,123.0,Secretariat,6.8,103.0,2010.0
30000.0,Documentary,en,Hit the Ground Running Films,United States of America,3045943.0,87.0,Catfish,6.5,201.0,2010.0
22000000.0,Drama,en,Stone Productions,United States of America,9479718.0,105.0,Stone,5.2,195.0,2010.0
2000000.0,Documentary,en,Sony Pictures Classics,United States of America,7871522.0,109.0,Inside Job,7.7,287.0,2010.0
12500000.0,Drama,en,Oceana Media Finance,United States of America,6732980.0,107.0,Conviction,7.0,195.0,2010.0
25000000.0,Drama,en,Paramount Pictures,United States of America,93617009.0,116.0,The Fighter,7.2,1512.0,2010.0
10000000.0,Science Fiction,en,Rogue Pictures,United States of America,66821036.0,100.0,Skyline,4.7,516.0,2010.0
27000000.0,Action,en,Omnilab Media,Australia,16504936.0,103.0,"Tomorrow, When the War Began",6.2,195.0,2010.0
15000000.0,Drama,en,Spring Creek Productions,United States of America,4882577.0,104.0,The Company Men,6.4,218.0,2010.0
5000000.0,Drama,en,Olympus Pictures,United States of America,5129058.0,91.0,Rabbit Hole,6.8,167.0,2010.0
112000000.0,Comedy,en,Twentieth Century Fox Film Corporation,United States of America,237382724.0,85.0,Gulliver's Travels,4.9,633.0,2010.0
11000000.0,Horror,en,Alive Productions,United States of America,15500000.0,80.0,It's Alive,4.0,15.0,2008.0
13000000.0,,en,,,24441725.0,118.0,Lucky Lady,0.0,0.0,1975.0
36000000.0,Comedy,en,New Line Cinema,United States of America,83160734.0,105.0,Hall Pass,5.4,627.0,2011.0
10400000.0,War,en,Taewon Entertainment,South Korea,20967660.0,120.0,71: Into the Fire,7.0,38.0,2010.0
10000000.0,Comedy,en,Cube Vision,United States of America,9069.0,85.0,Janky Promoters,7.0,5.0,2009.0
15000000.0,Action,ru,Bazelevs Production,Russia,21500000.0,102.0,Black Lightning,5.3,33.0,2009.0
4000000.0,Comedy,it,Medusa Film,Italy,65584679.0,102.0,Welcome to the South,6.6,395.0,2010.0
2500000.0,Drama,en,Gold/Miller Productions,United States of America,71904.0,100.0,Eye of the Dolphin,7.1,7.0,2007.0
80000000.0,Comedy,en,Legendary Pictures,United States of America,254455986.0,102.0,The Hangover Part II,6.2,3836.0,2011.0
2000000.0,Comedy,en,Gary Sanchez Productions,United States of America,563706.0,120.0,The Virginity Hit,4.6,19.0,2010.0
30000000.0,Drama,en,Marc Platt Productions,United States of America,102000000.0,98.0,The Other Woman,6.0,131.0,2010.0
20000000.0,Comedy,en,Columbia Pictures,United States of America,216197492.0,92.0,Bad Teacher,5.4,1634.0,2011.0
49900000.0,Comedy,en,Universal Pictures,United States of America,26121638.0,102.0,Your Highness,5.2,511.0,2011.0
9000000.0,Drama,en,Island Film Group,United States of America,771499.0,130.0,Princess Kaiulani,4.8,14.0,2010.0
3837625.0,Comedy,en,BBC Films,United Kingdom,3867000.0,103.0,West Is West,6.3,15.0,2010.0
52000000.0,Comedy,en,Universal Pictures,United States of America,75450437.0,112.0,The Change-Up,5.9,753.0,2011.0
19000000.0,Comedy,en,New Line Cinema,United States of America,35387212.0,108.0,A Very Harold & Kumar Christmas,6.0,335.0,2011.0
7000000.0,Drama,en,DRO Entertainment,United States of America,382946.0,106.0,Hesher,6.7,218.0,2010.0
3000000.0,Documentary,en,Chad Troutwine Films,United States of America,103735.0,93.0,Freakonomics,6.7,36.0,2010.0
8000000.0,Comedy,en,Walt Disney Pictures,United States of America,10130000.0,104.0,Prom,5.7,139.0,2011.0
10000000.0,Drama,en,Summit Entertainment,United States of America,1759252.0,98.0,A Better Life,7.0,54.0,2011.0
50000000.0,Drama,en,Columbia Pictures,United States of America,110206216.0,133.0,Moneyball,7.0,1409.0,2011.0
12500000.0,Drama,en,Appian Way,United States of America,75993061.0,101.0,The Ides of March,6.5,924.0,2011.0
4000000.0,Drama,en,Mr. Tamborine Man,United States of America,253899.0,105.0,The Music Never Stopped,7.3,42.0,2011.0
14000000.0,Drama,en,Fox Searchlight Pictures,United States of America,46495.0,149.0,Margaret,6.1,86.0,2011.0
5000000.0,Horror,en,Paramount Pictures,United States of America,205703818.0,83.0,Paranormal Activity 3,5.9,685.0,2011.0
6500000.0,Drama,en,HanWay Films,United Kingdom,17693675.0,100.0,Shame,7.0,897.0,2011.0
79000000.0,Comedy,en,Columbia Pictures,United States of America,149673788.0,91.0,Jack and Jill,4.0,619.0,2011.0
6400000.0,Drama,en,BBC Films,United Kingdom,35057696.0,99.0,My Week with Marilyn,6.6,418.0,2011.0
25000000.0,Comedy,en,Twentieth Century Fox Film Corporation,United States of America,34942188.0,81.0,The Sitter,5.4,330.0,2011.0
40000000.0,Drama,en,Paramount Pictures,United States of America,55247881.0,129.0,Extremely Loud & Incredibly Close,6.9,726.0,2011.0
5000000.0,Comedy,ru,Bazelevs Production,Russia,22772019.0,89.0,Six Degrees of Celebration,6.1,16.0,2010.0
250000.0,Comedy,en,,United States of America,1000000.0,62.0,Louis C.K.: Live at the Beacon Theater,8.1,80.0,2011.0
850000.0,Comedy,en,AdScott Pictures,United States of America,1243961.0,85.0,"For a Good Time, Call...",5.8,111.0,2012.0
2000000.0,Comedy,ru,Passenger Film Studio,Russia,393816.0,207.0,Chapiteau-Show,6.8,13.0,2011.0
,,,,,,,,,,
1000000.0,Drama,en,TriStar Pictures,United States of America,34522221.0,129.0,Courageous,6.8,77.0,2011.0
41000000.0,Comedy,en,Ingenious Media,United States of America,7448385.0,100.0,The Big Year,5.6,252.0,2011.0
,,,,,,,,,,
5000000.0,Drama,en,BBC Films,United Kingdom,34564651.0,107.0,Salmon Fishing in the Yemen,6.3,325.0,2011.0
50000000.0,Comedy,en,Universal Pictures,United States of America,234989584.0,113.0,American Reunion,6.1,1641.0,2012.0
30000000.0,Comedy,en,Wessler Entertainment,United States of America,54819301.0,92.0,The Three Stooges,4.9,143.0,2012.0
30000000.0,Comedy,en,Universal Pictures,United States of America,53909751.0,124.0,The Five-Year Engagement,5.7,466.0,2012.0
6600000.0,Comedy,en,TriStar Pictures,United States of America,37710610.0,112.0,Jumping the Broom,6.0,57.0,2011.0
65000000.0,Comedy,en,Paramount Pictures,United States of America,179379533.0,83.0,The Dictator,5.9,1789.0,2012.0
35000000.0,Comedy,en,Relativity Media,United States of America,24159934.0,98.0,Wanderlust,5.3,402.0,2012.0
16000000.0,Drama,en,DreamWorks SKG,United States of America,12434778.0,114.0,People Like Us,6.6,206.0,2012.0
68000000.0,Comedy,en,Ingenious Film Partners,United States of America,68267862.0,98.0,The Watch,5.3,899.0,2012.0
70000000.0,Comedy,en,Columbia Pictures,United States of America,58058367.0,116.0,That's My Boy,5.5,460.0,2012.0
32000000.0,Drama,en,Ghoulardi Film Company,United States of America,28258060.0,137.0,The Master,7.0,720.0,2012.0
250000.0,Documentary,en,Mistress Inc.,United States of America,23859.0,97.0,Behind the Burly Q,5.5,3.0,2010.0
12500000.0,Thriller,en,Lee Daniels Entertainment,United States of America,1353868.0,107.0,The Paperboy,5.4,244.0,2012.0
2500000.0,Documentary,en,,United States of America,33400000.0,87.0,2016: Obama's America,4.6,19.0,2012.0
5000000.0,Horror,en,Paramount Pictures,United States of America,142817992.0,95.0,Paranormal Activity 4,5.2,574.0,2012.0
500000.0,Drama,en,Super Crispy Entertainment,United States of America,376597.0,85.0,Smashed,6.3,88.0,2012.0
17000000.0,Comedy,en,Lorimar Productions,United States of America,946461.0,105.0,Lookin' to Get Out,5.3,1.0,1982.0
31000000.0,Drama,en,Paramount Pictures,United States of America,161772375.0,138.0,Flight,6.5,2449.0,2012.0
13000000.0,Drama,en,,United States of America,1832541.0,95.0,Crooked Arrows,5.6,14.0,2012.0
40000000.0,Comedy,en,Paramount Pictures,United States of America,41863726.0,95.0,The Guilt Trip,5.4,287.0,2012.0
35000000.0,Comedy,en,Apatow Productions,United States of America,88058786.0,134.0,This Is 40,5.6,909.0,2012.0
20000000.0,Drama,en,Paramount Vantage,United States of America,610792.0,112.0,Not Fade Away,5.4,32.0,2012.0
5773100.0,Drama,en,BBC Films,United Kingdom,18144030.0,98.0,StreetDance 3D,6.1,98.0,2010.0
25000000.0,Comedy,en,Twentieth Century Fox Film Corporation,United States of America,119772232.0,104.0,Parental Guidance,5.8,212.0,2012.0
2840000.0,Drama,hi,Eros International,India,11620000.0,133.0,English Vinglish,7.3,68.0,2012.0
12000000.0,Thriller,en,Quickfire Films,Canada,2521.0,90.0,The Samaritan,5.2,69.0,2012.0
,,,,,,,,,,
6000000.0,Comedy,en,Greenestreet Films,United States of America,32438988.0,90.0,Movie 43,4.5,816.0,2013.0
13000000.0,Comedy,en,Relativity Media,United States of America,48065672.0,93.0,21 & Over,5.7,748.0,2013.0
28000000.0,Romance,en,Temple Hill Productions,United States of America,97594140.0,115.0,Safe Haven,6.9,840.0,2013.0
10000000.0,Thriller,en,Trilogy Entertainment Group,United States of America,1034589.0,99.0,Phantom,5.5,120.0,2013.0
30000000.0,Comedy,en,New Line Cinema,United States of America,27437881.0,100.0,The Incredible Burt Wonderstone,5.3,732.0,2013.0
,,,,,,,,,,
17000000.0,Horror,en,TriStar Pictures,United States of America,97542952.0,91.0,Evil Dead,6.4,1754.0,2013.0
40000000.0,Drama,en,Warner Bros.,United States of America,95020213.0,128.0,42,6.8,795.0,2013.0
20000000.0,Comedy,en,Dimension Films,United States of America,78378744.0,86.0,Scary Movie 5,4.6,813.0,2013.0
1200000.0,Drama,en,Samuel Goldwyn,United States of America,2861020.0,114.0,Home Run,6.3,25.0,2013.0
10000000.0,Drama,en,FilmNation Entertainment,United States of America,21587700.0,130.0,Mud,7.0,1080.0,2013.0
2500000.0,Drama,en,Gordon Bijelonic / Datari Turner Films,United States of America,3003.0,102.0,About Cherry,4.4,91.0,2012.0
58000000.0,Comedy,en,Twentieth Century Fox Film Corporation,United States of America,44000000.0,119.0,The Internship,6.1,1691.0,2013.0
103000000.0,Comedy,en,Legendary Pictures,United States of America,362000072.0,100.0,The Hangover Part III,6.0,2991.0,2013.0
10000000.0,Drama,en,Helios-Filmproduktion,United States of America,1585582.0,92.0,Lovelace,6.0,234.0,2013.0
35000000.0,Comedy,en,Millenium Films,United States of America,21819348.0,90.0,The Big Wedding,5.7,421.0,2013.0
4000000.0,Comedy,en,BBC Films,United Kingdom,9800000.0,90.0,Alan Partridge: Alpha Papa,6.5,184.0,2013.0
80000000.0,Comedy,en,Columbia Pictures,United States of America,246984278.0,100.0,Grown Ups 2,5.8,1180.0,2013.0
,,,,,,,,,,
25000000.0,Drama,en,Laura Ziskin Productions,United States of America,115922175.0,132.0,The Butler,7.2,1134.0,2013.0
11000000.0,Comedy,en,Universal Pictures,,1659542.0,82.0,Out on a Limb,6.1,12.0,1992.0
18000000.0,Music,en,Exclusive Media Group,United States of America,7972967.0,93.0,Metallica: Through the Never,6.7,86.0,2013.0
8500000.0,Comedy,en,Sneak Preview Productions,United States of America,22456509.0,96.0,Baggage Claim,5.6,87.0,2013.0
100000.0,Horror,en,Bórd Scannán na hÉireann,Ireland,95000.0,86.0,Stitches,5.5,94.0,2012.0
15000000.0,Comedy,en,Paramount Pictures,United States of America,151831537.0,92.0,Bad Grandpa,6.0,688.0,2013.0
,,,,,,,,,,
28000000.0,Comedy,en,Laurence Mark Productions,United States of America,134402450.0,105.0,Last Vegas,6.4,813.0,2013.0
12000000.0,Drama,en,BBC Films,United Kingdom,100129872.0,98.0,Philomena,7.4,588.0,2013.0
17000000.0,Comedy,en,Universal,United States of America,71625195.0,123.0,The Best Man Holiday,6.7,110.0,2013.0
26000000.0,Comedy,en,DreamWorks SKG,United States of America,51164106.0,105.0,Delivery Man,6.2,561.0,2013.0
5000000.0,Drama,en,,,388.0,95.0,A Perfect Man,4.8,14.0,2013.0
1.0,Comedy,en,,Mexico,2755584.0,73.0,Aquí Entre Nos,6.0,3.0,2012.0
50000000.0,Comedy,en,Paramount Pictures,United States of America,173649015.0,119.0,Anchorman 2: The Legend Continues,6.0,940.0,2013.0
,,,,,,,,,,
14000000.0,Comedy,en,Paramount Pictures,United States of America,11417362.0,87.0,Fun Size,5.5,139.0,2012.0
40000000.0,Comedy,en,Gerber Pictures,United States of America,44907260.0,113.0,Grudge Match,6.0,437.0,2013.0
12000000.0,Drama,fr,SND,France,21026290.0,106.0,Yves Saint Laurent,6.4,270.0,2014.0
7000000.0,Horror,en,Twentieth Century Fox Film Corporation,United States of America,36433975.0,89.0,Devil's Due,4.4,218.0,2014.0
2000000.0,Drama,en,Media House Capital,United States of America,48390.0,91.0,Decoding Annie Parker,5.5,38.0,2014.0
3500000.0,Animation,en,DC Comics,United States of America,5155325.0,79.0,Justice League: War,7.0,234.0,2014.0
7700000.0,Romance,hi,Dharma Productions,India,46000000.0,159.0,Yeh Jawaani Hai Deewani,7.1,80.0,2013.0
18000000.0,Drama,en,Mr. Mudd Production,United States of America,20275812.0,111.0,Labor Day,6.7,306.0,2013.0
4000000.0,Drama,en,Worldview Entertainment,United States of America,2365467.0,118.0,Joe,6.5,346.0,2014.0
9500000.0,Comedy,en,Darko Entertainment,United States of America,7800000.0,88.0,Bad Words,6.4,335.0,2013.0
22000000.0,Drama,en,Hearst Entertainment Productions,United States of America,67800064.0,138.0,Son of God,5.9,83.0,2014.0
25000000.0,Drama,en,Summit Entertainment,United States of America,28831145.0,109.0,Draft Day,6.5,309.0,2014.0
5000000.0,Horror,en,Intrepid Pictures,United States of America,44030246.0,104.0,Oculus,6.3,1079.0,2013.0
17000000.0,Drama,en,Pure Flix Entertainment,United States of America,29789000.0,113.0,God's Not Dead,5.9,242.0,2014.0
12000000.0,Drama,en,TriStar Pictures,United States of America,101332962.0,99.0,Heaven is for Real,6.1,234.0,2014.0
18000000.0,Comedy,en,Universal Pictures,United States of America,268157400.0,96.0,Neighbors,6.2,2773.0,2014.0
10900000.0,Drama,en,Isle of Man Film,United Kingdom,16505460.0,105.0,Belle,7.2,230.0,2013.0
5000000.0,Comedy,en,TriStar Pictures,United States of America,10429707.0,98.0,Moms' Night Out,5.5,122.0,2014.0
15000000.0,Comedy,en,Lakeshore Entertainment,United States of America,59209.0,95.0,Walk of Shame,5.8,561.0,2014.0
11000000.0,Comedy,en,Prescience,United States of America,45967935.0,114.0,Chef,7.2,1203.0,2014.0
40000000.0,Comedy,en,Happy Madison Productions,United States of America,123494610.0,117.0,Blended,6.6,1028.0,2014.0
25000000.0,Drama,en,Walt Disney Pictures,United States of America,38307627.0,124.0,Million Dollar Arm,6.6,264.0,2014.0
12700000.0,Comedy,en,Max Films Productions,Canada,3430018.0,112.0,The Grand Seduction,6.7,109.0,2014.0
3512454.0,Drama,fr,Canal+,France,115860.0,95.0,Camille Claudel 1915,7.0,20.0,2013.0
500000.0,Comedy,en,The Asylum,United States of America,500000.0,87.0,Bikini Spring Break,3.8,20.0,2012.0
6000000.0,Drama,it,Indiana Production Company,Italy,5809330.0,111.0,Human Capital,7.4,201.0,2014.0
4141459.0,Drama,fr,Archipel 35,France,201607.0,87.0,17 Girls,5.6,103.0,2011.0
4000000.0,Drama,en,IFC Films,United States of America,44349000.0,164.0,Boyhood,7.5,2008.0,2014.0
20000000.0,Comedy,en,New Line Cinema,United States of America,100525432.0,97.0,Tammy,5.0,508.0,2014.0
3300000.0,Drama,en,Bold Films,United States of America,13092000.0,105.0,Whiplash,8.3,4376.0,2014.0
40000000.0,Comedy,en,Escape Artists,United States of America,126069509.0,97.0,Sex Tape,5.2,1733.0,2014.0
17000000.0,Comedy,en,Twentieth Century Fox Film Corporation,United States of America,136621271.0,104.0,Let's Be Cops,6.4,1234.0,2014.0
15.0,Music,en,CJ Entertainment,South Korea,122.0,110.0,Make Your Move,6.2,30.0,2013.0
11000000.0,Drama,en,New Line Cinema,United States of America,78874843.0,106.0,If I Stay,7.3,1415.0,2014.0
6500000.0,Horror,en,Fox International Productions,United States of America,13865435.0,89.0,The Pyramid,4.6,365.0,2014.0
1000000.0,Horror,en,Fewlas Entertainment,United States of America,9318.0,87.0,Honeymoon,5.4,261.0,2014.0
1000000.0,Drama,en,Gotham Group,United States of America,59744.0,117.0,Camp X-Ray,6.7,395.0,2014.0
6500000.0,Horror,en,New Line Cinema,United States of America,255273813.0,99.0,Annabelle,5.5,1588.0,2014.0
50000000.0,Drama,en,Village Roadshow Pictures,United States of America,83719388.0,141.0,The Judge,7.2,1433.0,2014.0
13000000.0,Comedy,en,The Weinstein Company,United States of America,54837234.0,102.0,St. Vincent,7.1,770.0,2014.0
40000000.0,Comedy,en,New Line Cinema,United States of America,169837010.0,110.0,Dumb and Dumber To,5.4,1140.0,2014.0
15000000.0,Drama,en,Mandalay Pictures,United States of America,30127963.0,115.0,When the Game Stands Tall,6.3,134.0,2014.0
42000000.0,Comedy,en,New Line Cinema,United States of America,107670357.0,108.0,Horrible Bosses 2,6.1,1575.0,2014.0
9000000.0,Drama,en,Treehouse Pictures,United States of America,21571189.0,121.0,Black or White,6.5,119.0,2014.0
5000000.0,Drama,en,Killer Films,United States of America,43884652.0,99.0,Still Alice,7.5,1126.0,2014.0
61000000.0,Action,en,Gotham Group,United States of America,311256926.0,132.0,Maze Runner: The Scorch Trials,6.5,3148.0,2015.0
400000.0,Comedy,en,,Australia,7888102.0,96.0,Fat Pizza,5.7,10.0,2003.0
4900000.0,Drama,en,Téléfilm Canada,Canada,3494070.0,138.0,Mommy,8.2,734.0,2014.0
15000000.0,Drama,en,Fox Searchlight Pictures,United States of America,52501541.0,115.0,Wild,7.0,961.0,2014.0
7500000.0,Drama,en,Day Twenty- Eight Films,United States of America,1359910.0,101.0,Gimme Shelter,6.4,90.0,2013.0
3000000.0,Horror,en,Anchor Bay Films,United States of America,1675381.0,100.0,Nothing Left to Fear,4.6,59.0,2013.0
178000000.0,Science Fiction,en,Twentieth Century Fox Film Corporation,United States of America,543934787.0,144.0,X-Men: Apocalypse,6.4,4831.0,2016.0
27563396.0,Drama,fr,StudioCanal,France,29193330.0,148.0,My Way,6.2,85.0,2012.0
7000000.0,Drama,en,Echo Films,United States of America,2360281.0,102.0,Cake,6.2,371.0,2014.0
8000000.0,Drama,en,Imagenation Abu Dhabi FZ,United States of America,1411927.0,112.0,99 Homes,6.8,240.0,2014.0
14000000.0,Thriller,en,Dark Castle Entertainment,United States of America,10076790.0,108.0,The Loft,6.4,500.0,2014.0
1000000.0,Science Fiction,en,Battletruck Films Ltd.,New Zealand,3000000.0,91.0,Battletruck,4.2,5.0,1982.0
1816720.0,Comedy,it,,Italy,4541800.0,90.0,Italiano medio,6.0,142.0,2015.0
23000000.0,Comedy,en,Miramax Films,United States of America,79799880.0,101.0,The Wedding Ringer,6.5,632.0,2015.0
4000000.0,Thriller,en,Universal Pictures,United States of America,52425855.0,91.0,The Boy Next Door,4.1,1034.0,2015.0
14000000.0,Comedy,en,Paramount Pictures,United States of America,12314651.0,93.0,Hot Tub Time Machine 2,5.0,360.0,2015.0
35000000.0,Comedy,en,Studio Babelsberg,United States of America,14431253.0,91.0,Unfinished Business,5.0,322.0,2015.0
4000000.0,Comedy,fr,France 2 Cinéma,France,29456000.0,100.0,La vérité si je mens !,6.3,98.0,1997.0
40000000.0,Comedy,en,Gary Sanchez Productions,United States of America,111811453.0,100.0,Get Hard,5.9,961.0,2015.0
5000000.0,Drama,it,BiBi Film,Italy,48125.0,94.0,Long Live Freedom,7.2,42.0,2013.0
500000.0,Science Fiction,en,Benaroya Pictures,United States of America,15000000.0,139.0,Parts Per Billion,4.4,27.0,2014.0
8000000.0,,en,,,2439705.0,121.0,Table For Five,4.8,3.0,1983.0
6000000.0,Comedy,fr,TF1 Films Production,France,14348529.0,98.0,Barbecue,5.8,217.0,2014.0
10000000.0,Drama,en,Why Not Productions,France,30283.0,117.0,Jimmy P.,6.0,30.0,2013.0
35000000.0,Comedy,en,Universal Pictures,United States of America,140795793.0,125.0,Trainwreck,5.9,1193.0,2015.0
5579750.0,Comedy,it,Fandango,Italy,8927600.0,0.0,Tutto tutto niente niente,4.8,54.0,2012.0
6000000.0,Drama,en,Worldview Entertainment,United States of America,32251.0,86.0,Song One,5.5,87.0,2014.0
30000000.0,Comedy,en,Warner Bros.,United States of America,49263404.0,104.0,Entourage,6.2,502.0,2015.0
6000000.0,Drama,en,Revelations Entertainment,United States of America,1020921.0,92.0,5 Flights Up,5.9,92.0,2014.0
5400000.0,Thriller,hi,JA Entertainment,India,6500000.0,130.0,Madras Cafe,6.9,32.0,2013.0
68000000.0,Comedy,en,Universal Pictures,United States of America,217022588.0,115.0,Ted 2,6.2,2524.0,2015.0
31000000.0,Comedy,en,New Line Cinema,United States of America,104384188.0,99.0,Vacation,6.1,1218.0,2015.0
4000000.0,Drama,en,Worldview Entertainment,United States of America,143101.0,97.0,Manglehorn,5.2,68.0,2015.0
5000000.0,Comedy,fr,Fidélité Films,France,12058187.0,116.0,French Women,5.6,127.0,2014.0
6000000.0,Comedy,it,Medusa Film,Italy,35000000.0,110.0,Welcome to the North,5.6,276.0,2012.0
6843500.0,Comedy,it,Colorado Film Production,Italy,10703234.0,0.0,The Worst Christmas of My Life,5.5,86.0,2012.0
11000000.0,Comedy,it,Colorado Film Production,Italy,12935800.0,0.0,La peggior settimana della mia vita,5.9,96.0,2011.0
3300000.0,Comedy,en,Magna Global Entertainment,United States of America,45000.0,96.0,The Opposite Sex,4.1,9.0,2014.0
35000000.0,Comedy,en,Waverly Films,United States of America,194564672.0,121.0,The Intern,7.1,1926.0,2015.0
10000000.0,Horror,en,Alliance Films,United States of America,52882018.0,97.0,Sinister 2,5.5,605.0,2015.0
500000.0,Documentary,en,,,845188.0,93.0,Sholem Aleichem: Laughing In The Darkness,7.0,2.0,2012.0
50000.0,Comedy,hi,,,300000.0,110.0,The Angrez,6.9,6.0,2006.0
3000000.0,Drama,en,Provident Films,United States of America,67790117.0,120.0,War Room,6.9,92.0,2015.0
25496629.0,Comedy,fr,Les Films Manuel Munz,France,40924982.0,120.0,La Vérité si je Mens ! 3,5.3,98.0,2012.0
12560000.0,Comedy,fr,TPS Cinéma,France,42700000.0,105.0,Would I Lie to You? 2,6.4,81.0,2001.0
2000000.0,Drama,ru,Studio Rock,Russia,696681.0,90.0,Dreaming of Space,5.7,3.0,2005.0
,,,,,,,,,,
25000000.0,Comedy,en,Sony Pictures,United States of America,52395996.0,101.0,The Night Before,6.1,548.0,2015.0
20000000.0,Drama,en,Double Feature Films,United States of America,36606743.0,100.0,Burnt,6.3,974.0,2015.0
500000.0,Drama,en,Nic Arts,India,500000.0,157.0,Varalaru,6.1,6.0,2006.0
,,,,,,,,,,
5000000.0,Drama,fr,Les Films du Kiosque,France,26144.0,119.0,Standing Tall,7.3,149.0,2015.0
200000.0,,en,,Russia,486937.0,100.0,Rita's Last Fairy Tale,7.4,8.0,2012.0
11930000.0,Drama,en,Screen Australia,Australia,18340000.0,118.0,The Dressmaker,6.9,419.0,2015.0
15000000.0,Drama,en,Groundswell Productions,United States of America,8235661.0,124.0,Trumbo,7.3,507.0,2015.0
99000000.0,Animation,en,Blue Sky Studios,United States of America,246233113.0,88.0,The Peanuts Movie,6.5,608.0,2015.0
390000.0,,en,,,3.0,148.0,Duniyadari,0.0,0.0,2014.0
380000.0,Comedy,en,,India,520000.0,0.0,Shikshanachya Aaicha Gho,8.0,1.0,2010.0
37000000.0,Drama,en,New Line Cinema,United States of America,173567581.0,133.0,Creed,7.3,1963.0,2015.0
3000000.0,Comedy,ru,Strela,Russia,5279982.0,99.0,Faster than Rabbits,6.3,12.0,2014.0
,,,,,,,,,,
,,,,,,,,,,
224056.0,Drama,hi,SLB Films,India,15536328.0,122.0,Mary Kom,7.0,29.0,2014.0
1.0,Drama,en,Freestyle Releasing,United States of America,1.0,114.0,The Letters,5.6,10.0,2015.0
1300000.0,,en,,United States of America,1550000.0,102.0,Valentino,6.0,1.0,1951.0
50000000.0,Comedy,en,Scott Rudin Productions,United States of America,55969000.0,100.0,Zoolander 2,4.7,814.0,2016.0
50000000.0,Comedy,en,Paramount Pictures,United States of America,242786137.0,96.0,Daddy's Home,5.8,870.0,2015.0
30000000.0,Comedy,en,Little Stranger,United States of America,105011053.0,118.0,Sisters,5.8,593.0,2015.0
,,,,,,,,,,
12000000.0,Drama,en,Sony Pictures,United States of America,14394097.0,123.0,Woodlawn,6.8,49.0,2015.0
6700000.0,Action,hi,SLB Films Pvt. Ltd.,India,31000000.0,143.0,Rowdy Rathore,5.6,24.0,2012.0
13500000.0,Drama,en,Centropolis Entertainment,United States of America,187674.0,129.0,Stonewall,5.2,32.0,2015.0
5000000.0,Drama,en,Emmett/Furla Films,United States of America,4842699.0,121.0,90 Minutes in Heaven,5.4,40.0,2015.0
20000000.0,Action,en,Columbia Pictures,United States of America,46069568.0,107.0,Risen,5.7,300.0,2016.0
11500000.0,Comedy,en,Lionsgate,United States of America,94073028.0,102.0,Dirty Grandpa,5.7,1429.0,2016.0
8500000.0,Drama,en,Phantom Four,United States of America,15861566.0,120.0,The Birth of a Nation,6.4,181.0,2016.0
10721568.0,Drama,hi,Fox Star Studios,India,2978994.0,122.0,Neerja,7.4,44.0,2016.0
18500000.0,Drama,en,Focus Features,United States of America,6490401.0,120.0,The Young Messiah,6.4,30.0,2016.0
,,,,,,,,,,
16000000.0,Drama,en,TriStar Pictures,United States of America,73883359.0,117.0,Miracles from Heaven,6.8,191.0,2016.0
700000.0,Drama,en,Killer Films,United States of America,200242.0,88.0,White Girl,5.5,109.0,2016.0
400000.0,Documentary,en,,,88097.0,100.0,Sunshine Superman,7.2,10.0,2015.0
10000000.0,Comedy,en,Annapurna Pictures,United States of America,3400278.0,116.0,Everybody Wants Some!!,6.3,419.0,2016.0
35000000.0,Comedy,en,Universal Pictures,United States of America,108758521.0,91.0,Neighbors 2: Sorority Rising,5.6,1490.0,2016.0
27000000.0,Thriller,en,TriStar Pictures,United States of America,93282604.0,98.0,Money Monster,6.5,1096.0,2016.0
20000000.0,Comedy,en,New Line Cinema,United States of America,55030051.0,112.0,Barbershop: The Next Cut,6.2,171.0,2016.0
29000000.0,Comedy,en,Universal Pictures,United States of America,78636257.0,91.0,The Boss,5.5,441.0,2016.0
500000.0,Romance,en,,India,500000.0,157.0,Vaali,6.0,6.0,1999.0
500000.0,,en,,India,500000.0,157.0,Amarkalam,6.6,4.0,1999.0
500000.0,Romance,en,Sivashakthi Movie Makers,India,500000.0,157.0,Kadhal Kottai,7.0,2.0,1996.0
25000000.0,Comedy,en,Open Road Films (II),United States of America,48418160.0,118.0,Mother's Day,5.8,391.0,2016.0
,,,,,,,,,,
3347850.0,Comedy,it,Rai Cinema,Italy,1248748.0,108.0,Boris - Il film,6.8,74.0,2011.0
33000000.0,Comedy,en,Twentieth Century Fox Film Corporation,United States of America,77068246.0,98.0,Mike and Dave Need Wedding Dates,5.9,901.0,2016.0
20000000.0,Comedy,en,STX Entertainment,United States of America,183936074.0,100.0,Bad Moms,6.3,1287.0,2016.0
4000000.0,Drama,en,Plan B Entertainment,United States of America,65046687.0,111.0,Moonlight,7.3,1831.0,2016.0
20000000.0,Drama,en,DreamWorks SKG,New Zealand,25956113.0,133.0,The Light Between Oceans,6.9,403.0,2016.0
5000000.0,Drama,en,Pure Flix Productions,United States of America,23507567.0,121.0,God's Not Dead 2,5.6,73.0,2016.0
3250000.0,Drama,en,Media 8 Entertainment,United States of America,32788.0,107.0,Local Color,6.1,8.0,2006.0
,,,,,,,,,,
6500000.0,Drama,en,,United States of America,2025032.0,100.0,The Work and the Glory II: American Zion,8.0,6.0,2005.0
6500000.0,Drama,en,,United States of America,1325092.0,89.0,The Work and the Glory III: A House Divided,7.5,2.0,2006.0
2000000.0,,en,,,1672730.0,120.0,"The Book of Mormon Movie, Volume 1: The Journey",5.0,2.0,2003.0
9000000.0,Drama,en,Big Indie Pictures,United States of America,75026965.0,135.0,Manchester by the Sea,7.5,1553.0,2016.0
2500000.0,Comedy,en,Worldwide Media Conspiracy,United States of America,230069.0,84.0,Jimmy Vestvood: Amerikan Hero,5.4,14.0,2016.0
45000000.0,Comedy,en,Paramount Pictures,United States of America,114501299.0,105.0,Office Christmas Party,5.4,541.0,2016.0
25000000.0,Drama,en,Fox 2000 Pictures,United States of America,230698791.0,127.0,Hidden Figures,7.8,2178.0,2016.0
24000000.0,Drama,en,Paramount Pictures,United States of America,64414761.0,139.0,Fences,6.7,750.0,2016.0
6000000.0,Drama,en,Younger Than You,United States of America,6174491.0,116.0,Bleed for This,6.7,192.0,2016.0
7000000.0,Drama,en,Annapurna Pictures,United States of America,5816211.0,119.0,20th Century Women,7.3,213.0,2016.0
38000000.0,Comedy,en,Twentieth Century Fox Film Corporation,United States of America,118034273.0,111.0,Why Him?,6.3,1203.0,2016.0
10400000.0,Drama,hi,Walt Disney Pictures,India,310000000.0,161.0,Dangal,8.0,140.0,2016.0
1500000.0,Drama,en,Visible Pictures,United States of America,2000000.0,112.0,I'm Not Ashamed,7.0,27.0,2016.0
25000000.0,Horror,en,Paramount Pictures,United States of America,83080890.0,102.0,Rings,4.8,1075.0,2017.0
17820000.0,Comedy,fr,Studio Canal,France,14054361.0,94.0,RRRrrrr!!!,6.2,228.0,2004.0
3500000.0,Action,ru,,Russia,8262833.0,126.0,Shadowboxing,5.0,13.0,2005.0
7000000.0,Drama,en,Fox Searchlight Pictures,United States of America,37461045.0,101.0,Gifted,7.7,549.0,2017.0
916000.0,Drama,en,Imagine Entertainment,United States of America,2403885.0,99.0,Lowriders,7.0,20.0,2017.0
6000000.0,Drama,ru,,,31000.0,,Королёв,1.0,1.0,2007.0
64200.0,Comedy,en,Arzu Film,Turkey,698200.0,94.0,Tosun Pasha,8.6,10.0,1976.0
707503.0,Comedy,ru,"Yellow, Black & White",Russia,4781454.0,90.0,"Have Fun, Vasya!",7.2,13.0,2017.0
2000000.0,,en,,Russia,22212223.0,85.0,Nasha Russia: Yaytsa sudby,4.6,15.0,2010.0
6500000.0,Comedy,ru,TNT,Russia,9816332.0,102.0,The Best Movie 3-DE,3.0,8.0,2011.0
6000000.0,Action,ru,Central Partnership,Russia,11171900.0,135.0,Boj S Tenyu 2: Revansh,5.6,5.0,2007.0
2500000.0,,ru,,Russia,1477030.0,0.0,Glukhar v kino,5.9,4.0,2010.0
2000000.0,Comedy,ru,,Russia,8000000.0,81.0,Pregnant,3.1,7.0,2011.0
,,,,,,,,,,
,,,,,,,,,,
5000000.0,Horror,fr,La Fabrique 2,France,,92.0,Livid,5.6,56.0,2011.0
10000000.0,Drama,en,New Line Cinema,United States of America,,118.0,Price of Glory,3.4,4.0,2000.0
10000000.0,Science Fiction,en,Rogue Pictures,United States of America,66821036.0,100.0,Skyline,4.7,516.0,2010.0
1800000.0,Science Fiction,en,,Canada,,84.0,Earth's Final Hours,4.8,18.0,2011.0
1500000.0,Horror,en,A. Ninety-Three Productions,United States of America,,90.0,Amityville: A New Generation,2.8,17.0,1993.0
5000000.0,Drama,en,,United States of America,,95.0,Video Girl,5.0,3.0,2011.0
